<?xml version="1.0" encoding="UTF-8"?>
<modification>
	<id>Автоматическое накладывание водяного знака на изображение</id>
	<version>1.1.0</version>
	<vqmver>2.0.0</vqmver>
	<author>Alexey Shelkunov, Gabriel Fratica</author>
	<file name="system/library/image.php">
		<operation>
			<search position="replace"><![CDATA[$watermark = $this->create($file);]]></search>
			<add><![CDATA[$watermark = imagecreatefrompng($file);]]></add>
		</operation>
		<operation>
			<search position="before"><![CDATA[case 'bottomright':]]></search>
			<add><![CDATA[
			case 'center':
						$watermark_pos_x = ($this->info['width'])/3;
						$watermark_pos_y = ($this->info['height'])/3;
						break;
			]]></add>
		</operation>
		<operation>
			<search position="replace"><![CDATA[imagecopy($this->image, $watermark, $watermark_pos_x, $watermark_pos_y, 0, 0, 120, 40);]]></search>
			<add><![CDATA[imagecopy($this->image, $watermark, $watermark_pos_x, $watermark_pos_y, 0, 0, $watermark_width, $watermark_height);]]></add>
		</operation>
	</file>


	<file name="admin/controller/common/filemanager.php">
		<operation>
			<search position="after"><![CDATA[
			public function upload() {
			]]></search>
			<add><![CDATA[
			$this->load->model('tool/image');
			]]></add>
		</operation>
		<operation>
			<search position="after"><![CDATA[
			if (@move_uploaded_file($this->request->files['image']['tmp_name'], $directory . '/' . $filename)) {		
			]]></search>
			<add><![CDATA[
			$image = new Image($directory . '/' . $filename);
			$image->watermark(DIR_IMAGE . 'watermark.png', 'center');
			$image->save($directory . '/' . $filename);		
			]]></add>
		</operation>		
	</file>
</modification>
